country,title,description,include_news
ALB,The National Liberation Movement Finds More Rural Support,TODO,n
ALB,Liberation Day Parade,TODO,n
ALB,"Liberation Day Bombing, the Prince is Dead",TODO,n
ALB,Liberation Day Bombing,TODO,n
ALB,Albania Pleads for Support,TODO,n
ALB,Italy Agrees to Send More Men,TODO,n
ALB,Italy Refuses to Send Additional Support,TODO,n
ALB,The Mbrojtja e Popullit Program,TODO,n
ALB,Albania Asks For Bulgarian Support,TODO,n
ALB,Bulgaria Refuses to Intervene,TODO,n
ALB,Harsh Opposition from The MRC,TODO,n
ALB,Bulgaria Requests Access Through,TODO,n
ALB,Greece Rejects Our Offer,TODO,n
ALB,Greece Allow Our Army Through Southern Macedonia,TODO,n
ALB,Bulgaria Unable to Intervene,TODO,n
ALB,Bulgaria Agrees to Intervene,TODO,n
ALB,The Korab Offensive,TODO,n
ALB,A Victory for all Albanians!,TODO,n
ALB,Prince Zog Praises Italian Intervention,TODO,n
ALB,Prince Wilhelm Praises Bulgarian Assistance,TODO,n
ALB,The Raid in Shkoder,TODO,n
ALB,Allanson-Winn's Government Defeats the Threat,TODO,n
ALB,Prince Zog Speaks Out,TODO,n
ALB,Prince Wilhelm Speaks Out,TODO,n
ALB,Italian Occupation of Vlore,TODO,n
ALB,An Offer from Wilhelm,TODO,n
ALB,Prince Zog's Coup!,TODO,n
ALB,Prince Wilhelm's Coup!,TODO,n
ALB,The Bulgarian Coup!,TODO,n
ALB,Allanson-Winn's Government Survives the Threat,TODO,n
ALB,The Korab Offensive Have Been Pushed Back!,TODO,n
ALB,Defeats in Albania,TODO,n
ALB,Victory at What Cost?,TODO,n
ALB,The Battle of Tirana,TODO,n
ALB,The Seige of Tirana,TODO,n
ALB,Eqrem Vlora Demands Governmental Support,TODO,n
ALB,The Sulmi i Popullit,TODO,n
ALB,The Stuhia e Popullit,TODO,n
ALB,The Victory of Vlora,TODO,n
ALB,The Collapse of the Southern Clique,TODO,n
ALB,Allanson-Winn's Government is Victorious!,TODO,n
ALB,The Southern Clique Marches on Tirana!,TODO,n
ALB,Wrangel's Counter Coup!,TODO,n
ALB,Eqrem Vlora's Total Victory,TODO,n
ALB,The Zog-Wrangel Government is Established,TODO,n
